azimuth [deg], elevation[deg], efficiency
90, 10, 0.18787862718366075
90, 20, 0.35211989193341026
90, 30, 0.5006155106534902
90, 40, 0.6195811970413975
90, 50, 0.61478432062373
90, 60, 0.6411203894209693
90, 70, 0.6700162435865926
90, 80, 0.673162499384802
90, 90, 0.6779185567687502
